{
  "metadata": {
    "base_model": "deepseek-ai/DeepSeek-R1-Distill-Qwen-14B",
    "lora_dir": "/panfs/accrepfs.vampire/home/sivakur/asset/fillings/roshan/Actual_code/task_2/models/sentiment_lora",
    "val_samples": 1000,
    "timestamp": "2026-03-11T22:37:02.741653"
  },
  "sft": {
    "accuracy": 0.733,
    "macro_f1": 0.7307078996797117,
    "weighted_f1": 0.7307078996797116,
    "json_compliance": 1.0,
    "n_parseable": 1000,
    "per_class": {
      "very_negative": {
        "precision": 0.6986899563318777,
        "recall": 0.8,
        "f1": 0.745920745920746,
        "support": 200.0
      },
      "negative": {
        "precision": 0.6264367816091954,
        "recall": 0.545,
        "f1": 0.5828877005347594,
        "support": 200.0
      },
      "neutral": {
        "precision": 0.8181818181818182,
        "recall": 0.81,
        "f1": 0.8140703517587939,
        "support": 200.0
      },
      "positive": {
        "precision": 0.7305699481865285,
        "recall": 0.705,
        "f1": 0.7175572519083969,
        "support": 200.0
      },
      "very_positive": {
        "precision": 0.7815533980582524,
        "recall": 0.805,
        "f1": 0.7931034482758621,
        "support": 200.0
      }
    }
  },
  "base": {
    "accuracy": 0.642,
    "macro_f1": 0.603613746290843,
    "weighted_f1": 0.6036137462908429,
    "json_compliance": 1.0,
    "n_parseable": 1000,
    "per_class": {
      "very_negative": {
        "precision": 0.7293577981651376,
        "recall": 0.795,
        "f1": 0.7607655502392344,
        "support": 200.0
      },
      "negative": {
        "precision": 0.6378378378378379,
        "recall": 0.59,
        "f1": 0.612987012987013,
        "support": 200.0
      },
      "neutral": {
        "precision": 0.8465909090909091,
        "recall": 0.745,
        "f1": 0.7925531914893617,
        "support": 200.0
      },
      "positive": {
        "precision": 0.4849246231155779,
        "recall": 0.965,
        "f1": 0.6454849498327759,
        "support": 200.0
      },
      "very_positive": {
        "precision": 1.0,
        "recall": 0.115,
        "f1": 0.2062780269058296,
        "support": 200.0
      }
    }
  },
  "comparison": {
    "delta_accuracy": 0.09099999999999997,
    "delta_macro_f1": 0.12709415338886876,
    "delta_weighted_f1": 0.12709415338886876,
    "delta_json_compliance": 0.0,
    "per_class_delta_f1": {
      "very_negative": -0.014844804318488447,
      "negative": -0.030099312452253613,
      "neutral": 0.02151716026943229,
      "positive": 0.07207230207562099,
      "very_positive": 0.5868254213700325
    }
  },
  "sub_sector_breakdown": [
    {
      "sub_sector": "industrial_equipment",
      "n_samples": 409,
      "sft_f1": 0.7378861519365021,
      "base_f1": 0.6238811380681835,
      "delta_f1": 0.11400501386831863
    },
    {
      "sub_sector": "general",
      "n_samples": 331,
      "sft_f1": 0.7389722303363193,
      "base_f1": 0.5537419616884455,
      "delta_f1": 0.18523026864787384
    },
    {
      "sub_sector": "defense",
      "n_samples": 161,
      "sft_f1": 0.7274374078684913,
      "base_f1": 0.6153128292215042,
      "delta_f1": 0.1121245786469871
    },
    {
      "sub_sector": "airlines",
      "n_samples": 99,
      "sft_f1": 0.6577558130207081,
      "base_f1": 0.629502347975397,
      "delta_f1": 0.02825346504531112
    }
  ],
  "category_breakdown": [
    {
      "category": "competitive_position",
      "n_samples": 30,
      "sft_f1": 0.873471557682084,
      "base_f1": 0.4999999999999999,
      "delta_f1": 0.37347155768208407
    },
    {
      "category": "macro_external",
      "n_samples": 116,
      "sft_f1": 0.7582665341161743,
      "base_f1": 0.5527650984468447,
      "delta_f1": 0.20550143566932955
    },
    {
      "category": "cost_margins",
      "n_samples": 142,
      "sft_f1": 0.7592671878297983,
      "base_f1": 0.5914028537741499,
      "delta_f1": 0.16786433405564838
    },
    {
      "category": "demand_revenue",
      "n_samples": 197,
      "sft_f1": 0.7571407879193621,
      "base_f1": 0.5944994098656805,
      "delta_f1": 0.16264137805368162
    },
    {
      "category": "capital_allocation",
      "n_samples": 106,
      "sft_f1": 0.6992567676111979,
      "base_f1": 0.5619060863115932,
      "delta_f1": 0.1373506812996047
    },
    {
      "category": "outlook_guidance",
      "n_samples": 171,
      "sft_f1": 0.6736706915644297,
      "base_f1": 0.5533810293462182,
      "delta_f1": 0.12028966221821147
    },
    {
      "category": "supply_chain_operations",
      "n_samples": 57,
      "sft_f1": 0.6592132505175983,
      "base_f1": 0.5819310344827586,
      "delta_f1": 0.07728221603483965
    },
    {
      "category": "airlines_transport",
      "n_samples": 15,
      "sft_f1": 0.5627705627705628,
      "base_f1": 0.5257575757575758,
      "delta_f1": 0.03701298701298705
    },
    {
      "category": "regulatory_legal",
      "n_samples": 69,
      "sft_f1": 0.5799579736483416,
      "base_f1": 0.5516401635620174,
      "delta_f1": 0.02831781008632417
    },
    {
      "category": "esg_sustainability",
      "n_samples": 3,
      "sft_f1": 0.2,
      "base_f1": 0.2,
      "delta_f1": 0.0
    },
    {
      "category": "defense_government",
      "n_samples": 15,
      "sft_f1": 0.638095238095238,
      "base_f1": 0.6444444444444444,
      "delta_f1": -0.006349206349206327
    },
    {
      "category": "industrial_infrastructure",
      "n_samples": 9,
      "sft_f1": 0.2787878787878788,
      "base_f1": 0.37142857142857144,
      "delta_f1": -0.09264069264069263
    },
    {
      "category": "unknown",
      "n_samples": 20,
      "sft_f1": 0.3259259259259259,
      "base_f1": 0.43982683982683984,
      "delta_f1": -0.11390091390091395
    },
    {
      "category": "technology_innovation",
      "n_samples": 26,
      "sft_f1": 0.4413526570048309,
      "base_f1": 0.5593103448275862,
      "delta_f1": -0.11795768782275534
    },
    {
      "category": "labor_workforce",
      "n_samples": 24,
      "sft_f1": 0.35831932773109243,
      "base_f1": 0.484313725490196,
      "delta_f1": -0.1259943977591036
    }
  ],
  "error_analysis": {
    "total_errors": 267,
    "adjacent_errors": 267,
    "distant_errors": 0,
    "mean_confidence_correct": 0.8439290586630287,
    "mean_confidence_incorrect": 0.8601123595505618,
    "top_error_pairs": [
      {
        "true": "negative",
        "pred": "very_negative",
        "count": 69
      },
      {
        "true": "positive",
        "pred": "very_positive",
        "count": 45
      },
      {
        "true": "very_negative",
        "pred": "negative",
        "count": 40
      },
      {
        "true": "very_positive",
        "pred": "positive",
        "count": 39
      },
      {
        "true": "neutral",
        "pred": "negative",
        "count": 25
      }
    ]
  }
}